condition,session_id,deal_made,rounds_taken
4,1,True,3
4,2,True,3
4,3,True,3
4,4,True,3
4,5,True,3
4,6,True,3
4,7,True,3
4,8,True,3
4,9,True,3
4,10,True,3
4,11,True,3
4,12,True,3
4,13,True,3
4,14,True,3
4,15,True,3
4,16,True,3
4,17,True,3
4,18,True,3
4,19,True,3
4,20,True,3
4,21,True,3
4,22,True,3
4,23,True,3
4,24,True,3
4,25,True,3
4,26,True,3
4,27,True,3
4,28,True,3
4,29,True,3
4,30,True,3
4,31,True,3
4,32,True,3
4,33,True,3
4,34,True,3
4,35,True,3
4,36,True,3
4,37,True,3
4,38,True,3
4,39,True,3
4,40,True,3
4,41,True,3
4,42,True,3
4,43,True,3
4,44,True,3
4,45,True,3
4,46,True,3
4,47,True,3
4,48,True,3
4,49,True,3
4,50,True,3
4,51,True,3
4,52,True,3
4,53,True,3
4,54,True,3
4,55,True,3
4,56,True,3
4,57,True,3
4,58,True,3
4,59,True,3
4,60,True,3
4,61,True,3
4,62,True,3
4,63,True,3
4,64,True,3
4,65,True,3
4,66,True,3
4,67,True,3
4,68,True,3
4,69,True,3
4,70,True,3
4,71,True,3
4,72,True,3
4,73,True,3
4,74,True,3
4,75,True,3
4,76,True,3
4,77,True,3
4,78,True,3
4,79,True,3
4,80,True,3
4,81,True,3
4,82,True,3
4,83,True,3
4,84,True,3
4,85,True,3
4,86,True,3
4,87,True,3
4,88,True,3
4,89,True,3
4,90,True,3
4,91,True,3
4,92,True,3
4,93,True,3
4,94,True,3
4,95,True,3
4,96,True,3
4,97,True,3
4,98,True,3
4,99,True,3
4,100,True,3
4,101,True,3
4,102,True,3
4,103,True,3
4,104,True,3
4,105,True,3
4,106,True,3
4,107,True,3
4,108,True,3
4,109,True,3
4,110,True,3
4,111,True,3
4,112,True,3
4,113,True,3
4,114,True,3
4,115,True,3
4,116,True,3
4,117,True,3
4,118,True,3
4,119,True,3
4,120,True,3
4,121,True,3
4,122,True,3
4,123,True,3
4,124,True,3
4,125,True,3
4,126,True,3
4,127,True,3
4,128,True,3
4,129,True,3
4,130,True,3
4,131,True,3
4,132,True,3
4,133,True,3
4,134,True,3
4,135,True,3
4,136,True,3
4,137,True,3
4,138,True,3
4,139,True,3
4,140,True,3
4,141,True,3
4,142,True,3
4,143,True,3
4,144,True,3
4,145,True,3
4,146,True,3
4,147,True,3
4,148,True,3
4,149,True,3
4,150,True,3
8,151,True,3
8,152,True,3
8,153,True,3
8,154,True,3
8,155,True,3
8,156,True,3
8,157,True,3
8,158,True,3
8,159,True,3
8,160,True,3
8,161,True,3
8,162,True,3
8,163,True,3
8,164,True,3
8,165,True,3
8,166,True,3
8,167,True,3
8,168,True,3
8,169,True,3
8,170,True,3
8,171,True,3
8,172,True,3
8,173,True,3
8,174,True,3
8,175,True,3
8,176,True,3
8,177,True,3
8,178,True,3
8,179,True,3
8,180,True,3
8,181,True,3
8,182,True,3
8,183,True,3
8,184,True,3
8,185,True,3
8,186,True,3
8,187,True,3
8,188,True,3
8,189,True,3
8,190,True,3
8,191,True,3
8,192,True,3
8,193,True,3
8,194,True,3
8,195,True,3
8,196,True,3
8,197,True,3
8,198,True,3
8,199,True,3
8,200,True,3
8,201,True,3
8,202,True,3
8,203,True,3
8,204,True,3
8,205,True,3
8,206,True,3
8,207,True,3
8,208,True,3
8,209,True,3
8,210,True,3
8,211,True,3
8,212,True,3
8,213,True,3
8,214,True,3
8,215,True,3
8,216,True,3
8,217,True,3
8,218,True,3
8,219,True,3
8,220,True,3
8,221,True,3
8,222,True,3
8,223,True,3
8,224,True,3
8,225,True,3
8,226,True,3
8,227,True,3
8,228,True,3
8,229,True,3
8,230,True,3
8,231,True,3
8,232,True,3
8,233,True,3
8,234,True,3
8,235,True,3
8,236,True,3
8,237,True,3
8,238,True,3
8,239,True,3
8,240,True,3
8,241,True,3
8,242,True,3
8,243,True,3
8,244,True,3
8,245,True,3
8,246,True,3
8,247,True,3
8,248,True,3
8,249,True,3
8,250,True,3
8,251,True,3
8,252,True,3
8,253,True,3
8,254,True,3
8,255,True,3
8,256,True,3
8,257,True,3
8,258,True,3
8,259,True,3
8,260,True,3
8,261,True,3
8,262,True,3
8,263,True,3
8,264,True,3
8,265,True,3
8,266,True,3
8,267,True,3
8,268,True,3
8,269,True,3
8,270,True,3
8,271,True,3
8,272,True,3
8,273,True,3
8,274,True,3
8,275,True,3
8,276,True,3
8,277,True,3
8,278,True,3
8,279,True,3
8,280,True,3
8,281,True,3
8,282,True,3
8,283,True,3
8,284,True,3
8,285,True,3
8,286,True,3
8,287,True,3
8,288,True,3
8,289,True,3
8,290,True,3
8,291,True,3
8,292,True,3
8,293,True,3
8,294,True,3
8,295,True,3
8,296,True,3
8,297,True,3
8,298,True,3
8,299,True,3
8,300,True,3
16,301,True,3
16,302,True,3
16,303,True,3
16,304,True,3
16,305,True,3
16,306,True,3
16,307,True,3
16,308,True,3
16,309,True,3
16,310,True,3
16,311,True,3
16,312,True,3
16,313,True,3
16,314,True,3
16,315,True,3
16,316,True,3
16,317,True,3
16,318,True,3
16,319,True,3
16,320,True,3
16,321,True,3
16,322,True,3
16,323,True,3
16,324,True,3
16,325,True,3
16,326,True,3
16,327,True,3
16,328,True,3
16,329,True,3
16,330,True,3
16,331,True,3
16,332,True,3
16,333,True,3
16,334,True,3
16,335,True,3
16,336,True,3
16,337,True,3
16,338,True,3
16,339,True,3
16,340,True,3
16,341,True,3
16,342,True,3
16,343,True,3
16,344,True,3
16,345,True,3
16,346,True,3
16,347,True,3
16,348,True,3
16,349,True,3
16,350,True,3
16,351,True,3
16,352,True,3
16,353,True,3
16,354,True,3
16,355,True,3
16,356,True,3
16,357,True,3
16,358,True,3
16,359,True,3
16,360,True,3
16,361,True,3
16,362,True,3
16,363,True,3
16,364,True,3
16,365,True,3
16,366,True,3
16,367,True,3
16,368,True,3
16,369,True,3
16,370,True,3
16,371,True,3
16,372,True,3
16,373,True,3
16,374,True,3
16,375,True,3
16,376,True,3
16,377,True,3
16,378,True,3
16,379,True,3
16,380,True,3
16,381,True,3
16,382,True,3
16,383,True,3
16,384,True,3
16,385,True,3
16,386,True,3
16,387,True,3
16,388,True,3
16,389,True,3
16,390,True,3
16,391,True,3
16,392,True,3
16,393,True,3
16,394,True,3
16,395,True,3
16,396,True,3
16,397,True,3
16,398,True,3
16,399,True,3
16,400,True,3
16,401,True,3
16,402,True,3
16,403,True,3
16,404,True,3
16,405,True,3
16,406,True,3
16,407,True,3
16,408,True,3
16,409,True,3
16,410,True,3
16,411,True,3
16,412,True,3
16,413,True,3
16,414,True,3
16,415,True,3
16,416,True,3
16,417,True,3
16,418,True,3
16,419,True,3
16,420,True,3
16,421,True,3
16,422,True,3
16,423,True,3
16,424,True,3
16,425,True,3
16,426,True,3
16,427,True,3
16,428,True,3
16,429,True,3
16,430,True,3
16,431,True,3
16,432,True,3
16,433,True,3
16,434,True,3
16,435,True,3
16,436,True,3
16,437,True,3
16,438,True,3
16,439,True,3
16,440,True,3
16,441,True,3
16,442,True,3
16,443,True,3
16,444,True,3
16,445,True,3
16,446,True,3
16,447,True,3
16,448,True,3
16,449,True,3
16,450,True,3
