condition,session_id,first_offer,final_price,deal_made
anchor_low,1,55,,False
anchor_low,2,55,,False
anchor_low,3,55,,False
anchor_low,4,55,,False
anchor_low,5,55,,False
anchor_low,6,55,,False
anchor_low,7,55,,False
anchor_low,8,55,,False
anchor_low,9,55,,False
anchor_low,10,55,,False
anchor_low,11,55,,False
anchor_low,12,55,,False
anchor_low,13,55,,False
anchor_low,14,55,,False
anchor_low,15,55,,False
anchor_low,16,55,,False
anchor_low,17,55,,False
anchor_low,18,55,,False
anchor_low,19,55,,False
anchor_low,20,55,,False
anchor_low,21,55,,False
anchor_low,22,55,,False
anchor_low,23,55,,False
anchor_low,24,55,,False
anchor_low,25,55,,False
anchor_low,26,55,,False
anchor_low,27,55,,False
anchor_low,28,55,,False
anchor_low,29,55,,False
anchor_low,30,55,,False
anchor_low,31,55,,False
anchor_low,32,55,,False
anchor_low,33,55,,False
anchor_low,34,55,,False
anchor_low,35,55,,False
anchor_low,36,55,,False
anchor_low,37,55,,False
anchor_low,38,55,,False
anchor_low,39,55,,False
anchor_low,40,55,,False
anchor_low,41,55,,False
anchor_low,42,55,,False
anchor_low,43,55,,False
anchor_low,44,55,,False
anchor_low,45,55,,False
anchor_low,46,55,,False
anchor_low,47,55,,False
anchor_low,48,55,,False
anchor_low,49,55,,False
anchor_low,50,55,,False
anchor_low,51,55,,False
anchor_low,52,55,,False
anchor_low,53,55,,False
anchor_low,54,55,,False
anchor_low,55,55,,False
anchor_low,56,55,,False
anchor_low,57,55,,False
anchor_low,58,55,,False
anchor_low,59,55,,False
anchor_low,60,55,,False
anchor_low,61,55,,False
anchor_low,62,55,,False
anchor_low,63,55,,False
anchor_low,64,55,,False
anchor_low,65,55,,False
anchor_low,66,55,,False
anchor_low,67,55,,False
anchor_low,68,55,,False
anchor_low,69,55,,False
anchor_low,70,55,,False
anchor_low,71,55,,False
anchor_low,72,55,,False
anchor_low,73,55,,False
anchor_low,74,55,,False
anchor_low,75,55,,False
anchor_low,76,55,,False
anchor_low,77,55,,False
anchor_low,78,55,,False
anchor_low,79,55,,False
anchor_low,80,55,96.4,True
anchor_low,81,55,,False
anchor_low,82,55,,False
anchor_low,83,55,,False
anchor_low,84,55,,False
anchor_low,85,55,,False
anchor_low,86,55,,False
anchor_low,87,55,,False
anchor_low,88,55,,False
anchor_low,89,55,,False
anchor_low,90,55,,False
anchor_low,91,55,,False
anchor_low,92,55,,False
anchor_low,93,55,,False
anchor_low,94,55,,False
anchor_low,95,55,,False
anchor_low,96,55,96.4,True
anchor_low,97,55,,False
anchor_low,98,55,,False
anchor_low,99,55,,False
anchor_low,100,55,,False
anchor_low,101,55,,False
anchor_low,102,55,,False
anchor_low,103,55,,False
anchor_low,104,55,,False
anchor_low,105,55,,False
anchor_low,106,55,,False
anchor_low,107,55,,False
anchor_low,108,55,96.4,True
anchor_low,109,55,,False
anchor_low,110,55,,False
anchor_low,111,55,,False
anchor_low,112,55,,False
anchor_low,113,55,,False
anchor_low,114,55,,False
anchor_low,115,55,,False
anchor_low,116,55,,False
anchor_low,117,55,,False
anchor_low,118,55,,False
anchor_low,119,55,,False
anchor_low,120,55,,False
anchor_low,121,55,,False
anchor_low,122,55,,False
anchor_low,123,55,,False
anchor_low,124,55,,False
anchor_low,125,55,,False
anchor_low,126,55,,False
anchor_low,127,55,,False
anchor_low,128,55,,False
anchor_low,129,55,,False
anchor_low,130,55,,False
anchor_low,131,55,,False
anchor_low,132,55,,False
anchor_low,133,55,96.4,True
anchor_low,134,55,,False
anchor_low,135,55,,False
anchor_low,136,55,,False
anchor_low,137,55,,False
anchor_low,138,55,,False
anchor_low,139,55,,False
anchor_low,140,55,,False
anchor_low,141,55,,False
anchor_low,142,55,,False
anchor_low,143,55,,False
anchor_low,144,55,,False
anchor_low,145,55,,False
anchor_low,146,55,,False
anchor_low,147,55,,False
anchor_low,148,55,,False
anchor_low,149,55,,False
anchor_low,150,55,,False
anchor_mid,151,65,104,True
anchor_mid,152,65,104,True
anchor_mid,153,65,104.0,True
anchor_mid,154,65,104,True
anchor_mid,155,65,104.0,True
anchor_mid,156,65,104.0,True
anchor_mid,157,65,104.0,True
anchor_mid,158,67,104.0,True
anchor_mid,159,65,104.0,True
anchor_mid,160,70,104.0,True
anchor_mid,161,65,104.0,True
anchor_mid,162,67,104.0,True
anchor_mid,163,65,104,True
anchor_mid,164,65,106.4,True
anchor_mid,165,65,104,True
anchor_mid,166,65,104,True
anchor_mid,167,65,104,True
anchor_mid,168,67,104,True
anchor_mid,169,65,104.0,True
anchor_mid,170,65,89.6,True
anchor_mid,171,65,104,True
anchor_mid,172,65,106.4,True
anchor_mid,173,65,104.0,True
anchor_mid,174,67,104.0,True
anchor_mid,175,65,104.0,True
anchor_mid,176,65,104,True
anchor_mid,177,65,104,True
anchor_mid,178,67,104.0,True
anchor_mid,179,65,104.0,True
anchor_mid,180,65,104,True
anchor_mid,181,65,104.0,True
anchor_mid,182,65,104,True
anchor_mid,183,65,94.4,True
anchor_mid,184,65,106.4,True
anchor_mid,185,65,110,True
anchor_mid,186,67,93.6,True
anchor_mid,187,65,104.0,True
anchor_mid,188,65,104.0,True
anchor_mid,189,67,93.6,True
anchor_mid,190,65,104,True
anchor_mid,191,65,104,True
anchor_mid,192,65,104.0,True
anchor_mid,193,70,104,True
anchor_mid,194,65,104.0,True
anchor_mid,195,65,104,True
anchor_mid,196,65,104,True
anchor_mid,197,65,104.0,True
anchor_mid,198,67,96.4,True
anchor_mid,199,65,104,True
anchor_mid,200,65,106.4,True
anchor_mid,201,67,104,True
anchor_mid,202,65,104,True
anchor_mid,203,65,106.4,True
anchor_mid,204,65,89.6,True
anchor_mid,205,65,104,True
anchor_mid,206,65,104.0,True
anchor_mid,207,67,104,True
anchor_mid,208,65,104.0,True
anchor_mid,209,67,93.6,True
anchor_mid,210,65,104.0,True
anchor_mid,211,65,104,True
anchor_mid,212,65,104.0,True
anchor_mid,213,65,104.0,True
anchor_mid,214,67,104,True
anchor_mid,215,65,104.0,True
anchor_mid,216,65,104,True
anchor_mid,217,65,104.0,True
anchor_mid,218,67,104,True
anchor_mid,219,65,104.0,True
anchor_mid,220,65,106.4,True
anchor_mid,221,65,106.4,True
anchor_mid,222,65,104,True
anchor_mid,223,65,104.0,True
anchor_mid,224,65,104.0,True
anchor_mid,225,65,104,True
anchor_mid,226,65,104,True
anchor_mid,227,65,104.0,True
anchor_mid,228,67,93.6,True
anchor_mid,229,65,96.4,True
anchor_mid,230,65,104.0,True
anchor_mid,231,65,104,True
anchor_mid,232,65,104.0,True
anchor_mid,233,65,104.0,True
anchor_mid,234,65,106.4,True
anchor_mid,235,67,104,True
anchor_mid,236,67,104.0,True
anchor_mid,237,65,104.0,True
anchor_mid,238,65,104,True
anchor_mid,239,65,104.0,True
anchor_mid,240,65,104.0,True
anchor_mid,241,67,104.0,True
anchor_mid,242,65,104,True
anchor_mid,243,65,106.4,True
anchor_mid,244,67,104.0,True
anchor_mid,245,65,110,True
anchor_mid,246,65,104.0,True
anchor_mid,247,65,104.0,True
anchor_mid,248,65,106.4,True
anchor_mid,249,65,106.4,True
anchor_mid,250,67,104.0,True
anchor_mid,251,65,104,True
anchor_mid,252,65,96.4,True
anchor_mid,253,65,104.0,True
anchor_mid,254,67,104,True
anchor_mid,255,65,104,True
anchor_mid,256,65,106.4,True
anchor_mid,257,65,104,True
anchor_mid,258,65,104.0,True
anchor_mid,259,65,104.0,True
anchor_mid,260,65,104.0,True
anchor_mid,261,67,110.0,True
anchor_mid,262,65,104.0,True
anchor_mid,263,65,104,True
anchor_mid,264,65,104.0,True
anchor_mid,265,65,104,True
anchor_mid,266,67,104,True
anchor_mid,267,67,93.6,True
anchor_mid,268,65,104,True
anchor_mid,269,65,104.0,True
anchor_mid,270,65,104.0,True
anchor_mid,271,67,104,True
anchor_mid,272,65,104,True
anchor_mid,273,65,104.0,True
anchor_mid,274,65,104.0,True
anchor_mid,275,65,104,True
anchor_mid,276,65,96.4,True
anchor_mid,277,65,106.4,True
anchor_mid,278,67,104,True
anchor_mid,279,65,104,True
anchor_mid,280,67,104,True
anchor_mid,281,65,104.0,True
anchor_mid,282,65,96.4,True
anchor_mid,283,67,104.0,True
anchor_mid,284,65,104.0,True
anchor_mid,285,67,104.0,True
anchor_mid,286,65,104.0,True
anchor_mid,287,65,104.0,True
anchor_mid,288,65,96.4,True
anchor_mid,289,70,104,True
anchor_mid,290,65,104.0,True
anchor_mid,291,67,110.0,True
anchor_mid,292,67,104.0,True
anchor_mid,293,65,104,True
anchor_mid,294,65,104.0,True
anchor_mid,295,65,106.4,True
anchor_mid,296,67,104,True
anchor_mid,297,65,104,True
anchor_mid,298,65,104.0,True
anchor_mid,299,65,104.0,True
anchor_mid,300,65,104,True
anchor_high,301,75,104,True
anchor_high,302,75,104,True
anchor_high,303,75,104.0,True
anchor_high,304,75,104,True
anchor_high,305,75,104,True
anchor_high,306,75,104.0,True
anchor_high,307,75,104.0,True
anchor_high,308,75,90.6,True
anchor_high,309,75,106.4,True
anchor_high,310,75,104.0,True
anchor_high,311,75,104,True
anchor_high,312,75,104.0,True
anchor_high,313,75,90.4,True
anchor_high,314,75,90.6,True
anchor_high,315,75,104,True
anchor_high,316,75,104,True
anchor_high,317,75,104.0,True
anchor_high,318,75,104.0,True
anchor_high,319,75.0,90.4,True
anchor_high,320,75,106.4,True
anchor_high,321,75,104.0,True
anchor_high,322,75,90.4,True
anchor_high,323,75,104,True
anchor_high,324,75,104.0,True
anchor_high,325,75,104,True
anchor_high,326,75,104.0,True
anchor_high,327,75,104,True
anchor_high,328,75,104.0,True
anchor_high,329,75,104.0,True
anchor_high,330,75,104,True
anchor_high,331,75,104,True
anchor_high,332,75,104,True
anchor_high,333,75,104.0,True
anchor_high,334,75,104.0,True
anchor_high,335,75,104.0,True
anchor_high,336,75,90.4,True
anchor_high,337,75,104,True
anchor_high,338,75,104.0,True
anchor_high,339,75,106.4,True
anchor_high,340,75,104,True
anchor_high,341,75,104,True
anchor_high,342,75,90.6,True
anchor_high,343,75,104.0,True
anchor_high,344,75,106.4,True
anchor_high,345,75,90.6,True
anchor_high,346,75,104,True
anchor_high,347,75,104,True
anchor_high,348,75,104,True
anchor_high,349,75,104,True
anchor_high,350,75,104.0,True
anchor_high,351,75,104,True
anchor_high,352,75,104,True
anchor_high,353,75,90.4,True
anchor_high,354,75,104.0,True
anchor_high,355,75,104,True
anchor_high,356,75,104.0,True
anchor_high,357,75,104,True
anchor_high,358,75,89.6,True
anchor_high,359,75,104.0,True
anchor_high,360,75,104.0,True
anchor_high,361,75,104.0,True
anchor_high,362,75,104,True
anchor_high,363,75,104.0,True
anchor_high,364,75,90.6,True
anchor_high,365,75,104,True
anchor_high,366,75,104.0,True
anchor_high,367,75,104.0,True
anchor_high,368,75,104,True
anchor_high,369,75,104.0,True
anchor_high,370,75,104.0,True
anchor_high,371,75,104,True
anchor_high,372,75,104.0,True
anchor_high,373,75,89.6,True
anchor_high,374,75,106.4,True
anchor_high,375,75,104,True
anchor_high,376,75,104,True
anchor_high,377,75,104,True
anchor_high,378,75,104.0,True
anchor_high,379,75,104.0,True
anchor_high,380,75,104,True
anchor_high,381,75,90.4,True
anchor_high,382,75,90.6,True
anchor_high,383,75,104.0,True
anchor_high,384,75,90.4,True
anchor_high,385,75,104.0,True
anchor_high,386,75,104,True
anchor_high,387,75,106.4,True
anchor_high,388,75,90.4,True
anchor_high,389,75,104,True
anchor_high,390,75,106.4,True
anchor_high,391,75,104,True
anchor_high,392,75,90.6,True
anchor_high,393,75,104,True
anchor_high,394,75,90.6,True
anchor_high,395,75,104.0,True
anchor_high,396,75,104.0,True
anchor_high,397,75,90.6,True
anchor_high,398,75,104.0,True
anchor_high,399,75,104.0,True
anchor_high,400,75,104.0,True
anchor_high,401,75,104.0,True
anchor_high,402,75,104,True
anchor_high,403,75,90.4,True
anchor_high,404,75,104,True
anchor_high,405,75,104.0,True
anchor_high,406,75,104.0,True
anchor_high,407,75,104.0,True
anchor_high,408,75,104.0,True
anchor_high,409,75,104.0,True
anchor_high,410,75,106.4,True
anchor_high,411,75,106.4,True
anchor_high,412,75,104.0,True
anchor_high,413,75,90.6,True
anchor_high,414,75,104.0,True
anchor_high,415,75,104,True
anchor_high,416,75,90.6,True
anchor_high,417,75,104,True
anchor_high,418,75,104,True
anchor_high,419,75,90.6,True
anchor_high,420,75,104,True
anchor_high,421,75,90.4,True
anchor_high,422,75,104.0,True
anchor_high,423,75,104.0,True
anchor_high,424,75,106.4,True
anchor_high,425,75,104.0,True
anchor_high,426,75,104.0,True
anchor_high,427,75,90.4,True
anchor_high,428,75,104,True
anchor_high,429,75,104,True
anchor_high,430,75,104.0,True
anchor_high,431,75,90.4,True
anchor_high,432,75,104.0,True
anchor_high,433,75,104.0,True
anchor_high,434,75,104.0,True
anchor_high,435,75,104.0,True
anchor_high,436,75,90.4,True
anchor_high,437,75,104.0,True
anchor_high,438,75,104,True
anchor_high,439,75,104.0,True
anchor_high,440,75,104.0,True
anchor_high,441,75,104.0,True
anchor_high,442,75,104,True
anchor_high,443,75,90.4,True
anchor_high,444,75,104.0,True
anchor_high,445,75,104,True
anchor_high,446,75,90.4,True
anchor_high,447,75,104,True
anchor_high,448,75,104.0,True
anchor_high,449,75,106.4,True
anchor_high,450,75,104,True
